Date,Open,High,Low,Close,Adj Close,Volume,,
1/2/2014,183.979996,184.070007,182.479996,182.919998,167.384567,119636900,,
1/3/2014,183.229996,183.600006,182.630005,182.889999,167.357147,81390600,,-0.000163814
1/6/2014,183.490005,183.559998,182.080002,182.360001,166.872147,108028200,,-0.002897994
1/7/2014,183.089996,183.789993,182.949997,183.479996,167.897003,86144200,,0.006141564
1/8/2014,183.449997,183.830002,182.889999,183.520004,167.933685,96582300,,0.000218479
1/9/2014,184.110001,184.130005,182.800003,183.639999,168.043472,90683400,,0.000653752
1/10/2014,183.949997,184.220001,183.009995,184.139999,168.501007,102026400,,0.002722718
1/13/2014,183.669998,184.179993,181.339996,181.690002,166.259018,149892000,,-0.013305493
1/14/2014,182.289993,183.770004,181.949997,183.669998,168.070877,105016100,,0.010897809
1/15/2014,184.100006,184.940002,183.710007,184.660004,168.976868,98525800,,0.005390529
1/16/2014,184.279999,184.660004,183.830002,184.419998,168.757202,72290600,,-0.001299977
1/17/2014,184.100006,184.449997,183.320007,183.639999,168.043472,107848700,,-0.004229331
1/21/2014,184.699997,184.770004,183.050003,184.179993,168.537567,88621200,,0.002940281
1/22/2014,184.490005,184.570007,183.910004,184.300003,168.647385,61270900,,0.000651594
1/23/2014,183.369995,183.399994,181.820007,182.789993,167.26561,132496900,,-0.008193279
1/24/2014,181.600006,181.660004,178.830002,178.889999,163.696854,208677100,,-0.021335862
1/27/2014,179.059998,179.520004,177.119995,178.009995,162.891632,180843100,,-0.004918983
1/28/2014,178.139999,179.300003,178.119995,179.070007,163.861557,110463200,,0.005954419
1/29/2014,177.580002,178.550003,176.880005,177.350006,162.287643,216597300,,-0.009605145
1/30/2014,178.830002,179.809998,178.259995,179.229996,164.00798,118938100,,0.010600542
1/31/2014,177.009995,179.289993,176.919998,178.179993,163.04715,194677900,,-0.005858434
2/3/2014,177.970001,178.369995,173.830002,174.169998,159.377716,254837100,,-0.022505355
2/4/2014,174.949997,175.839996,174.110001,175.389999,160.49411,165012400,,0.007004706
2/5/2014,174.779999,175.559998,173.710007,175.169998,160.292801,164230500,,-0.001254308
2/6/2014,175.580002,177.479996,175.220001,177.479996,162.406616,132877600,,0.013187211
2/7/2014,178.309998,179.869995,177.729996,179.679993,164.419769,170787200,,0.012395757
2/10/2014,179.699997,180.070007,179.210007,180.009995,164.721725,92218800,,0.001836494
2/11/2014,180.160004,182.440002,180.039993,181.979996,166.524414,117814100,,0.010943845
2/12/2014,182.25,182.830002,181.710007,182.070007,166.606812,94717700,,0.00049481
2/13/2014,180.839996,183.199997,180.830002,183.009995,167.466919,100542200,,0.005162496
2/14/2014,182.839996,184.360001,182.669998,184.020004,168.391205,96498400,,0.005519215
2/18/2014,184.179993,184.490005,183.649994,184.240005,168.592468,80460900,,0.001195211
2/19/2014,183.759995,184.949997,182.869995,183.020004,167.476105,126524300,,-0.006621666
2/20/2014,183.270004,184.520004,182.600006,184.100006,168.464386,104998100,,0.005901027
2/21/2014,184.449997,184.889999,183.800003,183.889999,168.272232,118116400,,-0.001140621
2/24/2014,184.279999,186.149994,184.199997,184.910004,169.205582,114063900,,0.005546667
2/25/2014,185.059998,185.589996,184.229996,184.839996,169.14151,117085000,,-0.000378664
2/26/2014,185.110001,185.600006,184.330002,184.850006,169.15065,98677200,,5.40376E-05
2/27/2014,184.580002,185.869995,184.369995,185.820007,170.038315,93880800,,0.005247778
2/28/2014,185.789993,187.149994,185.050003,186.289993,170.468384,150842000,,0.002529248
3/3/2014,184.649994,185.449997,183.75,184.979996,169.269638,167748500,,-0.007032072
3/4/2014,186.789993,187.979996,186.75,187.580002,171.648819,167545900,,0.014055569
3/5/2014,187.740005,188.070007,187.449997,187.75,171.804382,88376900,,0.000906286
3/6/2014,188.210007,188.610001,187.779999,188.179993,172.197876,82516500,,0.002290361
3/7/2014,188.960007,188.960007,187.429993,188.259995,172.271042,114513500,,0.000424895
3/10/2014,187.970001,188.229996,187.080002,188.160004,172.179581,74939200,,-0.000530913
3/11/2014,188.440002,188.710007,186.800003,187.229996,171.328552,99009100,,-0.004942682
3/12/2014,186.320007,187.350006,185.899994,187.279999,171.374268,104824400,,0.000266832
3/13/2014,187.839996,187.990005,184.660004,185.179993,169.452652,155014300,,-0.011212979
3/14/2014,184.850006,185.800003,184.440002,184.660004,168.976868,153919600,,-0.00280777
3/17/2014,185.589996,186.770004,185.509995,186.330002,170.504974,98359500,,0.009043285
3/18/2014,186.710007,187.910004,186.509995,187.660004,171.722046,101804600,,0.007138044
3/19/2014,187.679993,187.940002,185.470001,186.660004,170.806946,176267300,,-0.00532896
3/20/2014,186.25,187.889999,185.919998,187.75,171.804382,117241000,,0.005839552
3/21/2014,187.710007,189.020004,186.029999,186.199997,171.13768,163128000,,-0.003880588
3/24/2014,186.839996,187.070007,184.619995,185.429993,170.429932,121411000,,-0.004135547
3/25/2014,186.369995,186.940002,185.270004,186.309998,171.23877,103852000,,0.004745868
3/26/2014,187.039993,187.339996,184.919998,184.970001,170.007172,119843000,,-0.007192285
3/27/2014,184.75,185.339996,183.899994,184.580002,169.648697,142383000,,-0.002108588
3/28/2014,185.110001,186.419998,185,185.490005,170.485077,101642000,,0.00493007
3/31/2014,186.669998,187.300003,185.520004,187.009995,171.882156,99745000,,0.008194729
4/1/2014,187.619995,188.360001,187,188.25,173.021851,89193000,,0.006630677
4/2/2014,188.490005,189.130005,188.139999,188.880005,173.600906,78774000,,0.003346716
4/3/2014,189.169998,189.220001,188.050003,188.630005,173.371109,77435000,,-0.001323709
4/4/2014,189.660004,189.699997,186.100006,186.399994,171.321487,169381000,,-0.011822166
4/7/2014,185.949997,186.259995,183.960007,184.339996,169.428146,140803000,,-0.011051393
4/8/2014,184.259995,185.399994,183.589996,185.100006,170.126678,112660000,,0.004122881
4/9/2014,185.600006,187.149994,185.059998,187.089996,171.955688,100254000,,0.010750871
4/10/2014,187.080002,187.169998,182.929993,183.160004,168.343582,172959000,,-0.021006028
4/11/2014,182.139999,183.419998,181.309998,181.509995,166.827057,167251000,,-0.009008511
4/14/2014,182.929993,183.369995,181.440002,182.940002,168.141342,132382000,,0.007878129
4/15/2014,183.320007,184.330002,181.509995,184.199997,169.299423,157093000,,0.006887545
4/16/2014,185.470001,186.139999,184.649994,186.130005,171.073349,105197000,,0.010478039
4/17/2014,185.880005,186.910004,185.559998,186.389999,171.312271,105255000,,0.001396606
4/21/2014,186.440002,187.100006,186.210007,187.039993,171.909698,68329000,,0.003487357
4/22/2014,187.229996,188.399994,187.130005,187.889999,172.690933,85790000,,0.00454445
4/23/2014,187.820007,187.919998,187.300003,187.449997,172.286514,73869000,,-0.002341866
4/24/2014,188.369995,188.389999,186.929993,187.830002,172.635818,88170000,,0.00202746
4/25/2014,187.220001,187.330002,185.869995,186.289993,171.220398,100380000,,-0.008198878
4/28/2014,187.050003,187.690002,184.960007,186.880005,171.762665,135121000,,0.00316707
4/29/2014,187.479996,188.039993,187.080002,187.75,172.562271,84098000,,0.004655296
4/30/2014,187.440002,188.5,187.179993,188.309998,173.076965,101508000,,0.002982657
5/1/2014,188.220001,188.839996,187.729996,188.330002,173.095398,93019000,,0.000106502
5/2/2014,188.309998,189.139999,187.779999,188.059998,172.847183,98122000,,-0.001433978
5/5/2014,187.139999,188.550003,186.619995,188.419998,173.17807,75883000,,0.001914333
5/6/2014,188,188.130005,186.740005,186.779999,171.670746,85454000,,-0.008703897
5/7/2014,187.410004,187.970001,186.009995,187.880005,172.681763,106500000,,0.005889279
5/8/2014,187.710007,189.050003,187.080002,187.679993,172.497925,93618000,,-0.001064606
5/9/2014,187.710007,188.039993,186.830002,187.960007,172.755295,83679000,,0.001492018
5/12/2014,188.800003,189.880005,188,189.789993,174.437225,86940000,,0.00973591
5/13/2014,190.039993,190.419998,189.770004,189.960007,174.593491,66454000,,0.000895829
5/14/2014,189.789993,189.880005,188.789993,189.059998,173.766296,72367000,,-0.004737834
5/15/2014,188.679993,188.720001,186.479996,187.399994,172.240585,154956000,,-0.008780247
5/16/2014,187.509995,188.130005,186.720001,188.050003,172.838028,97458000,,0.003468654
5/19/2014,187.690002,188.889999,187.520004,188.740005,173.472214,63839000,,0.00366925
5/20/2014,188.649994,188.669998,187.070007,187.550003,172.378494,111644000,,-0.006304871
5/21/2014,188.089996,189.220001,188.059998,189.130005,173.830658,89093000,,0.008424276
5/22/2014,189.179993,189.979996,188.860001,189.589996,174.253448,61549000,,0.002432195
5/23/2014,189.759995,190.479996,189.589996,190.350006,174.951981,61092800,,0.004008718
5/27/2014,191.059998,191.580002,190.949997,191.520004,176.027328,72010000,,0.006146527
5/28/2014,191.520004,191.820007,191.059998,191.380005,175.898666,66723000,,-0.000730921
5/29/2014,191.820007,192.399994,191.330002,192.369995,176.808563,64377000,,0.005172848
5/30/2014,192.190002,192.800003,192.029999,192.679993,177.093475,76316000,,0.001611415
6/2/2014,192.949997,192.990005,191.970001,192.899994,177.295685,64656000,,0.001141826
6/3/2014,192.429993,192.899994,192.25,192.800003,177.203796,65047000,,-0.000518281
6/4/2014,192.470001,193.300003,192.270004,193.190002,177.562241,55529000,,0.002022784
6/5/2014,193.410004,194.649994,192.699997,194.449997,178.720306,92103000,,0.006522023
6/6/2014,194.869995,195.429993,194.779999,195.380005,179.575073,78696000,,0.004782708
6/9/2014,195.350006,196.050003,195.169998,195.580002,179.758926,65119000,,0.001023822
6/10/2014,195.339996,195.639999,194.919998,195.600006,179.777313,57129000,,0.000102287
6/11/2014,194.899994,195.119995,194.479996,194.919998,179.152283,68772000,,-0.00347669
6/12/2014,194.690002,194.800003,193.110001,193.539993,177.883942,106350000,,-0.007079681
6/13/2014,193.919998,194.320007,193.300003,194.130005,178.426163,82017000,,0.003048173
6/16/2014,193.889999,194.699997,193.660004,194.289993,178.573257,87424000,,0.000824397
6/17/2014,194.020004,194.970001,193.809998,194.830002,179.069595,84834000,,0.002779464
6/18/2014,194.830002,196.369995,194.399994,196.259995,180.383896,105267000,,0.00733961
6/19/2014,196.429993,196.600006,195.800003,196.479996,180.586105,85929000,,0.001120993
6/20/2014,196.029999,196.100006,195.699997,195.940002,180.952438,100587000,,0.002028578
6/23/2014,195.990005,196.050003,195.520004,195.880005,180.897018,70611000,,-0.000306268
6/24/2014,195.529999,196.5,194.479996,194.699997,179.807251,96237000,,-0.00602424
6/25/2014,194.289993,195.779999,194.25,195.580002,180.61998,82782000,,0.004520001
6/26/2014,195.610001,195.630005,194.130005,195.440002,180.490677,84312000,,-0.000715884
6/27/2014,194.979996,195.880005,194.889999,195.820007,180.841614,71445100,,0.00194435
6/30/2014,195.699997,196.169998,195.529999,195.720001,180.749222,70201200,,-0.0005109
7/1/2014,196.199997,197.630005,196.130005,197.029999,181.959076,90470000,,0.00669355
7/2/2014,197.050003,197.479996,196.960007,197.229996,182.143753,52475000,,0.001014937
7/3/2014,197.789993,198.289993,197.639999,198.199997,183.039551,52938800,,0.004918082
7/7/2014,197.820007,197.979996,197.220001,197.509995,182.402359,61696000,,-0.003481171
7/8/2014,197.149994,197.220001,195.759995,196.240005,181.229492,108143000,,-0.006430109
7/9/2014,196.729996,197.300003,196.309998,197.119995,182.042175,72992000,,0.004484276
7/10/2014,195.220001,196.860001,195.059998,196.339996,181.321854,99040000,,-0.003956891
7/11/2014,196.220001,196.75,195.779999,196.610001,181.571167,64243000,,0.001374975
7/14/2014,197.610001,197.860001,197.440002,197.600006,182.485474,58658000,,0.00503553
7/15/2014,197.720001,198.100006,196.360001,197.229996,182.143753,111307000,,-0.001872593
7/16/2014,198.110001,198.259995,197.419998,197.960007,182.817932,79986400,,0.003701357
7/17/2014,197.350006,198.100006,195.429993,195.710007,180.740051,145398000,,-0.011365849
7/18/2014,196.350006,197.910004,196.240005,197.710007,182.587067,124330000,,0.010219185
7/21/2014,197.089996,197.5,196.429993,197.339996,182.245346,67592000,,-0.001871551
7/22/2014,198.009995,198.559998,197.869995,198.199997,183.039551,67678000,,0.004357889
7/23/2014,198.5,198.850006,198.100006,198.639999,183.445908,65612000,,0.00222005
7/24/2014,198.830002,199.059998,198.449997,198.649994,183.455139,56888000,,5.032E-05
7/25/2014,198.089996,198.259995,197.330002,197.720001,182.596298,76837000,,-0.004681477
7/28/2014,197.759995,198.089996,196.619995,197.800003,182.670166,69259000,,0.000404543
7/29/2014,198.169998,198.449997,196.919998,196.949997,181.885178,80466000,,-0.004297297
7/30/2014,197.649994,197.910004,196.160004,196.979996,181.912872,104222000,,0.000152261
7/31/2014,195.610001,195.779999,192.970001,193.089996,178.320389,183479000,,-0.019748372
8/1/2014,192.559998,193.759995,191.570007,192.5,177.775589,189261000,,-0.003055175
8/4/2014,192.869995,194.300003,192.050003,193.889999,179.059235,91340000,,0.007220598
8/5/2014,193.100006,193.600006,191.309998,192.009995,177.323044,152690000,,-0.009696182
8/6/2014,191.110001,192.889999,191.080002,192.070007,177.378448,94818000,,0.000312447
8/7/2014,192.940002,193.130005,190.550003,191.029999,176.417999,135733000,,-0.005414688
8/8/2014,191.460007,193.369995,190.949997,193.240005,178.458969,117014000,,0.011568944
8/11/2014,193.970001,194.660004,193.710007,193.800003,178.976135,74544000,,0.002897955
8/12/2014,193.610001,194.149994,192.940002,193.529999,178.726791,73632000,,-0.001393169
8/13/2014,194.289993,195.059998,193.960007,194.839996,179.936569,69047000,,0.006768868
8/14/2014,195.160004,195.759995,194.979996,195.759995,180.786209,57371000,,0.004721886
8/15/2014,196.470001,196.649994,194.309998,195.720001,180.749222,139951000,,-0.00020459
8/18/2014,196.800003,197.449997,196.690002,197.360001,182.263855,75424000,,0.008379748
8/19/2014,197.839996,198.539993,197.440002,198.389999,183.215027,59135000,,0.005218654
8/20/2014,198.119995,199.160004,198.080002,198.919998,183.704483,72763000,,0.002671484
8/21/2014,199.089996,199.759995,198.929993,199.5,184.240112,67791000,,0.00291571
8/22/2014,199.339996,199.690002,198.740005,199.190002,183.953842,76107000,,-0.001553788
8/25/2014,200.139999,200.589996,199.149994,200.199997,184.886581,63855000,,0.005070506
8/26/2014,200.330002,200.820007,200.279999,200.330002,185.006668,47298000,,0.000649517
8/27/2014,200.429993,200.570007,199.940002,200.25,184.932755,47874000,,-0.000399515
8/28/2014,199.589996,200.270004,199.389999,200.139999,184.831161,58330000,,-0.000549356
8/29/2014,200.449997,200.729996,199.820007,200.710007,185.35759,65907000,,0.002848162
9/2/2014,200.970001,201,199.860001,200.610001,185.265259,72426000,,-0.000498124
9/3/2014,201.380005,201.410004,200.220001,200.5,185.163635,57462000,,-0.000548532
9/4/2014,200.839996,201.580002,199.660004,200.210007,184.895813,85236000,,-0.001446407
9/5/2014,200.169998,201.190002,199.410004,201.110001,185.726974,102177000,,0.004495294
9/8/2014,200.919998,201.210007,200,200.589996,185.24678,64146000,,-0.002585483
9/9/2014,200.410004,200.550003,198.910004,199.320007,184.073898,88591000,,-0.006331457
9/10/2014,199.429993,200.199997,198.770004,200.070007,184.766541,67251000,,0.003762853
9/11/2014,199.270004,200.330002,199.119995,200.300003,184.978928,66774400,,0.001149488
9/12/2014,200.100006,200.119995,198.559998,199.130005,183.898453,117409300,,-0.005841071
9/15/2014,199.160004,199.320007,198.380005,198.979996,183.759918,76401000,,-0.000753323
9/16/2014,198.610001,200.839996,198.5,200.479996,185.145142,116201000,,0.007538227
9/17/2014,200.770004,201.679993,199.75,200.75,185.394516,151266000,,0.001346911
9/18/2014,201.360001,201.850006,201.100006,201.820007,186.382645,94990000,,0.005329872
9/19/2014,201.520004,201.899994,200.289993,200.699997,186.214905,121649000,,-0.000899976
9/22/2014,200.350006,200.380005,198.729996,199.149994,184.776749,125553000,,-0.007723098
9/23/2014,198.429993,199.259995,197.949997,198.009995,183.719055,111393000,,-0.005724173
9/24/2014,198.039993,199.690002,197.520004,199.559998,185.157196,107276000,,0.007827936
9/25/2014,199.039993,199.050003,196.270004,196.339996,182.169571,150300000,,-0.016135614
9/26/2014,196.699997,198.389999,196.419998,197.899994,183.616959,103547000,,0.007945279
9/29/2014,196.199997,197.889999,196.050003,197.539993,183.282974,95112000,,-0.001818922
9/30/2014,197.690002,198.300003,196.610001,197.020004,182.800507,131302000,,-0.002632361
10/1/2014,196.699997,196.770004,193.910004,194.350006,180.323212,177798000,,-0.013551904
10/2/2014,194.179993,195.059998,192.350006,194.380005,180.351028,157285000,,0.000154256
10/3/2014,195.679993,196.940002,195.080002,196.520004,182.336594,121569000,,0.011009452
10/6/2014,197.339996,197.600006,195.580002,196.289993,182.123199,104778000,,-0.001170336
10/7/2014,195.279999,195.720001,193.220001,193.259995,179.311859,147913000,,-0.015436474
10/8/2014,193.369995,196.919998,192.360001,196.639999,182.447922,186461000,,0.017489434
10/9/2014,196.330002,196.600006,192.580002,192.740005,178.829391,210705000,,-0.019833227
10/10/2014,192.690002,193.649994,190.490005,190.539993,176.788177,221909000,,-0.011414309
10/13/2014,190.460007,191.149994,187.300003,187.410004,173.884079,230939000,,-0.016426992
10/14/2014,188.419998,189.820007,187.039993,187.699997,174.153152,215847000,,0.001547427
10/15/2014,185.160004,187.690002,181.919998,186.429993,172.974838,380715000,,-0.006765964
10/16/2014,183.059998,187.580002,182.889999,186.270004,172.82634,270391000,,-0.000858495
10/17/2014,188.419998,189.75,187.619995,188.470001,174.867569,214625000,,0.011810867
10/20/2014,188.130005,190.449997,188.070007,190.300003,176.565506,130011000,,0.009709845
10/21/2014,191.679993,194.199997,191.479996,194.070007,180.063385,154949000,,0.019810659
10/22/2014,194.410004,194.910004,192.610001,192.690002,178.78302,151822000,,-0.007110635
10/23/2014,194.619995,196.199997,194.259995,194.929993,180.861374,154944000,,0.011625008
10/24/2014,195.25,196.490005,194.490005,196.429993,182.253067,117927000,,0.007694805
10/27/2014,195.729996,196.449997,195.029999,196.160004,182.002548,82954000,,-0.001374567
10/28/2014,196.820007,198.419998,196.729996,198.410004,184.09021,106736000,,0.01147051
10/29/2014,198.550003,199.119995,196.800003,198.110001,183.811844,142557000,,-0.001512117
10/30/2014,197.580002,199.949997,197.399994,199.380005,184.990189,113330000,,0.006410604
10/31/2014,201.779999,201.820007,200.770004,201.660004,187.105637,146903000,,0.011435461
11/3/2014,201.919998,202.449997,201.309998,201.770004,187.207672,93600000,,0.000545334
11/4/2014,201.229996,201.600006,200.059998,201.070007,186.558212,93343000,,-0.003469195
11/5/2014,202.539993,202.589996,201.449997,202.339996,187.736542,91709000,,0.006316152
11/6/2014,202.389999,203.259995,201.639999,203.149994,188.488083,107089000,,0.004003168
11/7/2014,203.169998,203.600006,202.610001,203.339996,188.664352,89540000,,0.000935173
11/10/2014,203.380005,204.039993,203.130005,203.979996,189.258163,66319000,,0.003147447
11/11/2014,204.059998,204.309998,203.649994,204.179993,189.443741,54499400,,0.000980555
11/12/2014,203.350006,204.240005,203.309998,203.960007,189.239655,90120300,,-0.001077291
11/13/2014,204.160004,204.830002,203.210007,204.190002,189.453018,85357900,,0.001127475
11/14/2014,204.100006,204.490005,203.720001,204.240005,189.499451,80417500,,0.00024509
11/17/2014,203.850006,204.580002,203.649994,204.369995,189.620026,80441000,,0.000636282
11/18/2014,204.440002,205.919998,204.440002,205.550003,190.714874,76068100,,0.005773905
11/19/2014,205.309998,205.550003,204.300003,205.220001,190.408676,82373000,,-0.001605528
11/20/2014,204.259995,205.710007,204.179993,205.580002,190.742691,72840300,,0.001754201
11/21/2014,207.639999,207.839996,205.979996,206.679993,191.763321,142327300,,0.005350821
11/24/2014,207.169998,207.389999,206.910004,207.259995,192.301437,65880800,,0.002806147
11/25/2014,207.539993,207.789993,206.800003,207.110001,192.162277,79108300,,-0.000723656
11/26/2014,207.289993,207.759995,207.029999,207.639999,192.654037,62167800,,0.002559087
11/28/2014,207.490005,207.869995,206.910004,207.199997,192.245773,57890100,,-0.002119156
12/1/2014,206.399994,206.539993,205.380005,205.759995,190.909714,103968400,,-0.006949744
12/2/2014,205.809998,207.339996,205.779999,207.089996,192.143723,74507200,,0.006463836
12/3/2014,207.300003,208.149994,207.100006,207.889999,192.885986,68952000,,0.003863061
12/4/2014,207.539993,208.270004,206.699997,207.660004,192.672592,91316600,,-0.001106322
12/5/2014,207.869995,208.470001,207.550003,208,192.988037,91025500,,0.001637207
12/8/2014,207.520004,208.119995,205.929993,206.610001,191.69838,108588200,,-0.006682575
12/9/2014,204.369995,206.600006,203.910004,206.470001,191.568481,125180100,,-0.000677622
12/10/2014,205.910004,205.979996,202.929993,203.160004,188.497375,159856400,,-0.016031374
12/11/2014,203.880005,206.190002,203.710007,204.190002,189.453018,159012800,,0.005069795
12/12/2014,202.639999,203.820007,200.850006,200.889999,186.391174,202330200,,-0.016161495
12/15/2014,201.979996,202.529999,198.779999,199.509995,185.110779,189965800,,-0.006869397
12/16/2014,198.580002,202.399994,197.860001,197.910004,183.626266,259543800,,-0.008019592
12/17/2014,198.440002,202.339996,198.289993,201.789993,187.226227,253910100,,0.019604826
12/18/2014,204.740005,212.970001,203.919998,206.779999,191.856079,257633900,,0.024728651
12/19/2014,206.429993,207.330002,205.610001,206.520004,192.672348,245084600,,0.00425459
12/22/2014,206.75,207.470001,206.460007,207.470001,193.55864,148318900,,0.004599996
12/23/2014,208.169998,208.229996,207.399994,207.75,193.819885,122167900,,0.001349694
12/24/2014,208.020004,208.339996,207.720001,207.770004,193.838547,42963400,,9.62853E-05
12/26/2014,208.309998,208.850006,208.25,208.440002,194.463608,57326700,,0.003224648
12/29/2014,208.220001,208.970001,208.139999,208.720001,194.724823,79643900,,0.001343259
12/30/2014,208.210007,208.369995,207.509995,207.600006,193.679932,73540800,,-0.005365988
12/31/2014,207.990005,208.190002,205.389999,205.539993,191.758057,130333800,,-0.009922943
1/2/2015,206.380005,206.880005,204.179993,205.429993,191.655411,121465900,,-0.000535289
1/5/2015,204.169998,204.369995,201.350006,201.720001,188.194214,169632600,,-0.01805948
1/6/2015,202.089996,202.720001,198.860001,199.820007,186.42157,209151400,,-0.009419227
1/7/2015,201.419998,202.720001,200.880005,202.309998,188.744629,125346700,,0.012461321
1/8/2015,204.009995,206.160004,203.990005,205.899994,192.093918,147217800,,0.017745082
1/9/2015,206.399994,206.419998,203.509995,204.25,190.554535,150812300,,-0.0080137
1/12/2015,204.410004,204.600006,201.919998,202.649994,189.061844,144396100,,-0.007833406
1/13/2015,204.119995,205.479996,200.509995,202.080002,188.53006,214553300,,-0.002812752
1/14/2015,199.649994,201.100006,198.570007,200.860001,187.391846,192991100,,-0.006037308
1/15/2015,201.630005,202.009995,198.880005,199.020004,185.675232,176613900,,-0.009160559
1/16/2015,198.770004,201.820007,198.550003,201.630005,188.110245,211879600,,0.013114366
1/20/2015,202.399994,202.720001,200.169998,202.059998,188.511398,129466200,,0.002132542
1/21/2015,201.5,203.660004,200.940002,203.080002,189.462997,122942700,,0.005047965
1/22/2015,203.990005,206.259995,202.330002,206.100006,192.280518,174356000,,0.014871089
1/23/2015,205.789993,206.100006,204.809998,204.970001,191.226273,115637000,,-0.005482849
1/26/2015,204.710007,205.559998,203.850006,205.449997,191.674103,92009700,,0.002341885
1/27/2015,202.970001,204.119995,201.740005,202.740005,189.145767,134044600,,-0.013190806
1/28/2015,204.169998,204.289993,199.910004,200.139999,186.720139,168514300,,-0.01282412
1/29/2015,200.380005,202.300003,198.679993,201.990005,188.446075,173585400,,0.009243438
1/30/2015,200.570007,202.169998,199.130005,199.449997,186.076385,197729700,,-0.012574897
2/2/2015,200.050003,202.029999,197.860001,201.919998,188.380783,163107000,,0.012384151
2/3/2015,203,204.850006,202.550003,204.839996,191.104996,122416200,,0.014461204
2/4/2015,203.919998,205.380005,203.509995,204.059998,190.377289,134306700,,-0.003807891
2/5/2015,204.860001,206.300003,204.770004,206.119995,192.299179,97953200,,0.010095164
2/6/2015,206.559998,207.240005,204.919998,205.550003,191.76738,119694900,,-0.002765477
2/9/2015,204.770004,205.639999,204.139999,204.630005,190.909103,87219000,,-0.004475615
2/10/2015,205.880005,207.119995,204.679993,206.809998,192.942886,96164200,,0.010653148
2/11/2015,206.610001,207.449997,205.830002,206.929993,193.054855,91087800,,0.000580322
2/12/2015,207.889999,208.990005,206.970001,208.919998,194.911423,97545900,,0.00961679
2/13/2015,209.070007,209.839996,208.759995,209.779999,195.713745,93670400,,0.004116342
2/17/2015,209.399994,210.320007,209.100006,210.110001,196.021622,76968200,,0.001573099
2/18/2015,209.660004,210.220001,209.339996,210.130005,196.040298,74848400,,9.52752E-05
2/19/2015,209.410004,210.419998,209.240005,209.979996,195.900345,91462500,,-0.000713899
2/20/2015,209.479996,211.330002,208.729996,211.240005,197.075836,140896400,,0.006000454
2/23/2015,210.940002,211.210007,210.479996,211.210007,197.047882,74411100,,-0.000141844
2/24/2015,211.119995,212.050003,210.759995,211.809998,197.607635,70943200,,0.002840695
2/25/2015,211.660004,212.240005,211.220001,211.630005,197.439697,73061700,,-0.000849856
2/26/2015,211.520004,211.710007,210.649994,211.380005,197.206451,72697900,,-0.001181353
2/27/2015,211.259995,211.580002,210.600006,210.660004,196.53476,108076000,,-0.00340603
3/2/2015,210.779999,212.059998,210.720001,211.990005,197.775604,87491400,,0.006313611
3/3/2015,211.470001,212.050003,210.080002,211.119995,196.963898,110325800,,-0.004104177
3/4/2015,210.399994,210.490005,209.059998,210.229996,196.13356,105665800,,-0.004215686
3/5/2015,209.419998,210.800003,209.850006,210.460007,196.348175,76873000,,0.001094229
3/6/2015,210.460007,210.460007,207.100006,207.5,193.586639,188128000,,-0.014064485
3/9/2015,207.740005,208.789993,207.550003,208.360001,194.388962,89818900,,0.004144516
3/10/2015,206.710007,206.809998,204.929993,204.979996,191.235596,153901500,,-0.01622194
3/11/2015,205.289993,205.5,204.399994,204.5,190.787811,110145700,,-0.002341536
3/12/2015,205.259995,207.179993,205.199997,207.100006,193.21344,93993500,,0.012713752
3/13/2015,206.770004,207.929993,204.580002,205.830002,192.02861,162410900,,-0.006132234
3/16/2015,206.710007,208.690002,205.860001,208.580002,194.594208,136099200,,0.013360499
3/17/2015,207.690002,208.419998,206.979996,207.960007,194.015808,91167100,,-0.002972339
3/18/2015,207.389999,211.270004,206.619995,210.460007,196.348175,220171200,,0.012021531
3/19/2015,209.960007,210.470001,209.029999,209.5,195.45253,117917300,,-0.004561514
3/20/2015,209.710007,211.020004,209.490005,210.410004,197.177582,177715100,,0.008825938
3/23/2015,210.419998,211.110001,210,210,196.79335,71310300,,-0.00194866
3/24/2015,209.850006,210.399994,208.740005,208.820007,195.687576,77805300,,-0.00561896
3/25/2015,209.070007,209.350006,205.710007,205.759995,192.820007,159521700,,-0.014653812
3/26/2015,204.960007,206.369995,204.119995,205.270004,192.360825,153067200,,-0.002381402
3/27/2015,205.130005,205.949997,204.899994,205.740005,192.80127,109352100,,0.002289681
3/30/2015,205.740005,208.610001,206.960007,208.25,195.153412,96180400,,0.012199826
3/31/2015,207.259995,208.100006,206.360001,206.429993,193.447876,126768700,,-0.008739463
4/1/2015,206.429993,206.429993,204.509995,205.699997,192.763779,132644700,,-0.003536338
4/2/2015,205.619995,206.979996,205.399994,206.440002,193.457245,86900900,,0.003597491
4/6/2015,206.440002,208.449997,205.210007,207.830002,194.759827,114368200,,0.006733178
4/7/2015,207.860001,208.759995,207.240005,207.279999,194.244415,81236300,,-0.002646398
4/8/2015,207.550003,208.509995,207.080002,207.979996,194.900375,89351900,,0.003376983
4/9/2015,207.779999,209.179993,207.190002,208.899994,195.762527,85548900,,0.004423552
4/10/2015,209.199997,210.089996,208.960007,210.039993,196.830811,72722900,,0.00545704
4/13/2015,209.869995,210.630005,209.029999,209.089996,195.940582,74436600,,-0.004522813
4/14/2015,208.850006,209.710007,208.100006,209.490005,196.31546,73013500,,0.001913223
4/15/2015,210.050003,211.039993,209.949997,210.429993,197.196304,99529300,,0.00448688
4/16/2015,210.029999,210.979996,209.789993,210.369995,197.140076,68934900,,-0.000285137
4/17/2015,208.940002,209.229996,207.009995,207.949997,194.872253,191113200,,-0.011503612
4/20/2015,209.059998,210.25,208.960007,209.850006,196.652786,82969100,,0.009136924
4/21/2015,210.669998,210.860001,209.240005,209.600006,196.418503,72559800,,-0.001191354
4/22/2015,210.009995,210.850006,208.899994,210.630005,197.383728,78264600,,0.004914125
4/23/2015,210.149994,211.940002,210.009995,211.160004,197.880402,102585900,,0.002516286
4/24/2015,211.660004,211.970001,211.110001,211.649994,198.3396,61327400,,0.002320584
4/27/2015,212.330002,212.479996,210.539993,210.770004,197.514954,79358100,,-0.004157748
4/28/2015,210.740005,211.5,209.330002,211.440002,198.142776,86863500,,0.003178605
4/29/2015,211.440002,211.440002,209.600006,210.570007,197.327515,125684900,,-0.004114513
4/30/2015,209.880005,210.350006,207.619995,208.460007,195.350204,161304900,,-0.010020453
5/1/2015,209.399994,210.770004,209.279999,210.720001,197.468079,103399700,,0.010841427
5/4/2015,211.229996,212.020004,211.100006,211.320007,198.030334,70927200,,0.002847321
5/5/2015,211.029999,211.460007,208.729996,208.899994,195.762527,113326200,,-0.011451816
5/6/2015,209.559998,209.929993,206.759995,208.039993,194.956589,135060200,,-0.004116917
5/7/2015,207.919998,209.380005,207.520004,208.869995,195.734421,88244900,,0.00398977
5/8/2015,210.880005,211.860001,210.779999,211.619995,198.311462,155877300,,0.013166008
5/11/2015,211.570007,211.889999,210.520004,210.610001,197.36499,75708100,,-0.004772654
5/12/2015,209.610001,210.630005,208.619995,209.979996,196.774612,119727600,,-0.002991301
5/13/2015,210.470001,211.220001,209.740005,210.020004,196.812119,94667900,,0.000190609
5/14/2015,211.240005,212.320007,210.910004,212.210007,198.864395,95934000,,0.01042759
5/15/2015,212.440002,212.610001,211.860001,212.440002,199.079941,76510100,,0.001083884
5/18/2015,212.240005,213.399994,212.160004,213.100006,199.69838,72785600,,0.003106486
5/19/2015,213.240005,213.570007,212.690002,213.029999,199.632797,72114600,,-0.00032841
5/20/2015,213.149994,213.779999,212.5,212.880005,199.492218,76857500,,-0.000704188
5/21/2015,212.710007,213.75,212.509995,213.5,200.073227,64764600,,0.002912439
5/22/2015,213.039993,213.539993,212.910004,212.990005,199.595322,57433500,,-0.00238865
5/26/2015,212.399994,212.910004,210.199997,210.699997,197.44931,124308600,,-0.010751815
5/27/2015,211.25,212.979996,210.759995,212.699997,199.323517,93214000,,0.009492092
5/28/2015,212.330002,212.589996,211.630005,212.460007,199.098633,74974600,,-0.001128236
5/29/2015,212.380005,212.429993,210.820007,211.139999,197.861649,111964800,,-0.006212921
6/1/2015,211.940002,212.339996,210.619995,211.570007,198.264587,93338800,,0.002036463
6/2/2015,211.020004,212.190002,210.270004,211.360001,198.067841,89527800,,-0.000992341
6/3/2015,212,212.669998,211.330002,211.919998,198.592621,87820900,,0.002649496
6/4/2015,211.070007,211.860001,209.75,210.130005,196.915161,151882800,,-0.008446739
6/5/2015,209.949997,210.580002,208.979996,209.770004,196.57782,121704700,,-0.001713129
6/8/2015,209.639999,209.820007,208.389999,208.419998,195.312698,85339800,,-0.006435731
6/9/2015,208.449997,209.100006,207.690002,208.449997,195.340836,105034700,,0.000144066
6/10/2015,209.369995,211.410004,209.300003,210.960007,197.692978,134551300,,0.01204122
6/11/2015,211.479996,212.089996,211.199997,211.649994,198.3396,73876400,,0.003270839
6/12/2015,210.639999,211.479996,209.679993,209.929993,196.727783,135382400,,-0.008126552
6/15/2015,208.639999,209.449997,207.789993,209.100006,195.949966,124384200,,-0.003953773
6/16/2015,208.929993,210.350006,208.720001,210.25,197.027634,85308200,,0.00549971
6/17/2015,210.589996,211.320007,209.360001,210.589996,197.346237,126708600,,0.001617047
6/18/2015,211.309998,213.339996,210.630005,212.710007,199.332901,165867900,,0.010066896
6/19/2015,211.460007,211.550003,210.360001,210.809998,198.513733,130478700,,-0.004109547
6/22/2015,211.910004,212.589996,211.639999,211.889999,199.530716,70696000,,0.005122986
6/23/2015,212.139999,212.440002,211.570007,212.050003,199.681427,68476800,,0.000755327
6/24/2015,211.720001,212.169998,210.470001,210.509995,198.231247,92307300,,-0.007262468
6/25/2015,211.100006,211.25,209.770004,209.830002,197.590881,97107400,,-0.003230399
6/26/2015,210.289993,210.580002,209.160004,209.899994,197.656815,104174800,,0.000333689
6/29/2015,208.050003,209.830002,205.330002,205.470001,193.485214,202621300,,-0.021105273
6/30/2015,207.259995,207.320007,205.279999,205.889999,193.880707,182925100,,0.002044048
7/1/2015,207.729996,208.029999,206.559998,207.570007,195.462723,135979900,,0.008159739
7/2/2015,208.070007,208.270004,206.809998,207.320007,195.227341,104373700,,-0.00120423
7/6/2015,205.770004,207.649994,205.529999,206.669998,194.615219,117975400,,-0.003135432
7/7/2015,206.960007,208.169998,204.110001,208.009995,195.877045,173820200,,0.006483696
7/8/2015,206.419998,206.759995,204.25,204.529999,192.600021,164020100,,-0.016730005
7/9/2015,207.039993,207.350006,204.770004,204.800003,192.854279,144113100,,0.001320135
7/10/2015,207.289993,207.979996,204.949997,207.479996,195.37796,129456900,,0.013085948
7/13/2015,208.990005,209.899994,208.940002,209.759995,197.524979,106069400,,0.010989054
7/14/2015,209.720001,211.050003,209.649994,210.720001,198.429001,81709600,,0.004576748
7/15/2015,210.729996,211.279999,210.039993,210.630005,198.344223,97914100,,-0.000427246
7/16/2015,211.869995,212.300003,211.580002,212.270004,199.88858,106683300,,0.007786246
7/17/2015,212.289993,212.550003,211.800003,212.470001,200.076904,89030000,,0.000942145
7/20/2015,212.75,213.179993,212.210007,212.619995,200.218155,65523100,,0.000705984
7/21/2015,212.429993,212.740005,211.389999,211.759995,199.408325,77965000,,-0.004044738
7/22/2015,210.929993,211.770004,210.889999,211.289993,198.965729,88667900,,-0.002219546
7/23/2015,211.529999,211.649994,209.75,210.139999,197.882797,90509100,,-0.005442807
7/24/2015,210.300003,210.369995,207.600006,207.940002,195.811142,117755000,,-0.010469101
7/27/2015,208,208,206.259995,206.740005,194.681122,132361100,,-0.005770969
7/28/2015,207.789993,209.5,206.800003,209.309998,197.101227,123544800,,0.012431123
7/29/2015,209.479996,211.039993,209.309998,210.770004,198.476089,105791300,,0.006975411
7/30/2015,210.160004,211.020004,209.419998,210.820007,198.523163,91304400,,0.000237177
7/31/2015,211.419998,211.449997,210.160004,210.449997,198.174744,103266900,,-0.001755055
8/3/2015,210.460007,210.529999,208.649994,209.729996,197.496735,113965700,,-0.003421268
8/4/2015,209.699997,210.25,208.800003,209.320007,197.110641,81820800,,-0.001954939
8/5/2015,210.449997,211.309998,209.729996,210.100006,197.845169,85786800,,0.003726476
8/6/2015,210.289993,210.419998,207.649994,208.350006,196.19722,116030800,,-0.008329488
8/7/2015,208.160004,208.339996,206.869995,207.919998,195.792282,117858000,,-0.002063933
8/10/2015,209.279999,210.669998,209.279999,210.630005,198.344223,80270700,,0.01303392
8/11/2015,208.970001,209.470001,207.759995,208.660004,196.489151,117481700,,-0.009352791
8/12/2015,207.110001,209.139999,205.360001,208.919998,196.733932,172123700,,0.001245774
8/13/2015,208.729996,209.550003,208.009995,208.699997,196.526794,89383300,,-0.001052884
8/14/2015,208.429993,209.509995,208.259995,209.360001,197.148315,69387000,,0.003162526
8/17/2015,208.710007,210.589996,208.160004,210.559998,198.27832,79072600,,0.005731751
8/18/2015,210.259995,210.679993,209.699997,209.929993,197.685074,71692700,,-0.002991986
8/19/2015,209.089996,210.009995,207.350006,208.279999,196.131287,172946000,,-0.007859911
8/20/2015,206.509995,208.289993,203.899994,204.009995,192.110336,194327900,,-0.020501324
8/21/2015,201.729996,203.940002,197.520004,197.630005,186.102509,346588500,,-0.031272794
8/24/2015,197.630005,197.630005,182.399994,189.550003,178.493805,507244300,,-0.040884478
8/25/2015,195.429993,195.449997,186.919998,187.229996,176.309113,369833100,,-0.012239596
8/26/2015,192.080002,194.789993,188.369995,194.679993,183.324554,339257000,,0.039790575
8/27/2015,197.020004,199.419998,195.210007,199.160004,187.543259,274143900,,0.02301222
8/28/2015,198.5,199.839996,197.919998,199.240005,187.618591,160414400,,0.000401678
8/31/2015,198.110001,199.130005,197.009995,197.539993,186.017761,154471400,,-0.008532363
